{
    "ParseStatus" : true,
    "Authorized" : true,
    "Services" : [
        {
            "ApplicationServiceID" : "GETQTYAVAILABLE",
            "IDForServiceURL" : "GetQtyAvailable",
            "Description" : "Get Quantity Available",
            "CacheSupportLevel" : "",
            "IsTokenMandatory" : true,
            "IsMultiRowInput" : false,
            "IsMultiRowOutput" : false,
            "InputParameters" : [
            ],
            "OutputParameters" : [
                {
                    "ParameterName" : "QtyAvailable",
                    "DataType" : "Integer",
                    "Description" : "Qty Available"
                }
            ],
            "ResultStates" : [
                {
                    "Name" : "ERROR",
                    "Category" : "Failure",
                    "Description" : "Error"
                },
                {
                    "Name" : "OVERLAP",
                    "Category" : "Failure",
                    "Description" : "Overlapping entries found"
                },
                {
                    "Name" : "SUBMITTED",
                    "Category" : "Success",
                    "Description" : "Submitted"
                }
            ]
        },
        {
            "ApplicationServiceID" : "RECENTLYORDEREDREQUISITION",
            "IDForServiceURL" : "RecentlyOrderedRequisition",
            "Description" : "RecentlyOrderedRequisition",
            "CacheSupportLevel" : "",
            "IsTokenMandatory" : true,
            "IsMultiRowInput" : false,
            "IsMultiRowOutput" : false,
            "InputParameters" : [
                {
                    "ParameterName" : "ItemID",
                    "DataType" : "String",
                    "Description" : "Item Id Value"
                }
            ],
            "OutputParameters" : [
                {
                    "ParameterName" : "BU",
                    "DataType" : "String",
                    "Description" : "Business Unit"
                },
                {
                    "ParameterName" : "REQID",
                    "DataType" : "String",
                    "Description" : "Requisition ID"
                }
            ],
            "ResultStates" : [
                {
                    "Name" : "Failure",
                    "Category" : "Failure",
                    "Description" : "Failure"
                },
                {
                    "Name" : "Success",
                    "Category" : "Success",
                    "Description" : "Success"
                }
            ]
        }
    ]
}