{
    "ParseStatus": true,
    "Authorized": true,
    "Services": [
        {
            "ApplicationServiceID": "EOCB_GETMSGCATLOG",
            "IDForServiceURL": "ps.GetMessageCatalogs",
            "Description": "Message Catalogs without parameter substitution",
            "CacheSupportLevel": "",
            "IsTokenMandatory": true,
            "IsMultiRowInput": false,
            "IsMultiRowOutput": false,
            "InputParameters": [
                {
                    "ParameterName": "MsgCatalogNumList",
                    "DataType": "Number List",
                    "Description": "Message Catalog List",
                    "Properties": {}
                },
                {
                    "ParameterName": "MsgSetNumber",
                    "DataType": "Number",
                    "Description": "Message Set Number",
                    "Properties": {}
                }
            ],
            "OutputParameters": [
                {
                    "ParameterName": "MsgCatBundleObject",
                    "DataType": "Compound",
                    "Description": "Message Catalog Texts",
                    "Properties": {}
                },
                {
                    "ParameterName": "MsgCatDescrBundleObject",
                    "DataType": "Compound",
                    "Description": "Message Catalog Description",
                    "Properties": {}
                }
            ],
            "ResultStates": [
                {
                    "Name": "MISSINGPARAMETER",
                    "Category": "Failure",
                    "Description": "Failure"
                },
                {
                    "Name": "NOMSGFOUND",
                    "Category": "Failure",
                    "Description": "NoMessagesFound"
                },
                {
                    "Name": "SUCCESS",
                    "Category": "Success",
                    "Description": "Success"
                }
            ]
        },
        {
            "ApplicationServiceID": "EOCB_GETSYSTEMVARIABLES",
            "IDForServiceURL": "ps.GetSystemVariables",
            "Description": "Get System Variables",
            "CacheSupportLevel": "",
            "IsTokenMandatory": true,
            "IsMultiRowInput": false,
            "IsMultiRowOutput": false,
            "InputParameters": [],
            "OutputParameters": [
                {
                    "ParameterName": "EmailAddress",
                    "DataType": "String",
                    "Description": "Email Address",
                    "Properties": {}
                },
                {
                    "ParameterName": "EmployeeId",
                    "DataType": "String",
                    "Description": "Employee ID",
                    "Properties": {}
                },
                {
                    "ParameterName": "Language",
                    "DataType": "String",
                    "Description": "Language",
                    "Properties": {}
                },
                {
                    "ParameterName": "Language_Base",
                    "DataType": "String",
                    "Description": "Base Language",
                    "Properties": {}
                },
                {
                    "ParameterName": "Language_User",
                    "DataType": "String",
                    "Description": "User Language",
                    "Properties": {}
                },
                {
                    "ParameterName": "OperatorId",
                    "DataType": "String",
                    "Description": "Operator ID",
                    "Properties": {}
                }
            ],
            "ResultStates": [
                {
                    "Name": "FAILURE",
                    "Category": "Failure",
                    "Description": "Failure"
                },
                {
                    "Name": "SUCCESS",
                    "Category": "Success",
                    "Description": "Success"
                }
            ]
        },
        {
            "ApplicationServiceID": "EOCB_GUID_TO_PSTOKEN",
            "IDForServiceURL": "ps.AuthenticateGUID",
            "Description": "Authenticate a users chatbot guid",
            "CacheSupportLevel": "",
            "IsTokenMandatory": false,
            "IsMultiRowInput": false,
            "IsMultiRowOutput": false,
            "InputParameters": [
                {
                    "ParameterName": "guid",
                    "DataType": "String",
                    "Description": "Guid",
                    "Properties": {}
                }
            ],
            "OutputParameters": [
                {
                    "ParameterName": "pstoken",
                    "DataType": "String",
                    "Description": "PSToken",
                    "Properties": {}
                }
            ],
            "ResultStates": [
                {
                    "Name": "FAILURE",
                    "Category": "Failure",
                    "Description": "Failure"
                },
                {
                    "Name": "SUCCESS",
                    "Category": "Success",
                    "Description": "Success"
                }
            ]
        },
        {
            "ApplicationServiceID": "EOCB_VERIFY_SERVICE_ACCESS",
            "IDForServiceURL": "ps.VerifyServiceAccess",
            "Description": "Verify current user access to a service",
            "CacheSupportLevel": "",
            "IsTokenMandatory": true,
            "IsMultiRowInput": false,
            "IsMultiRowOutput": false,
            "InputParameters": [
                {
                    "ParameterName": "IDForServiceURL",
                    "DataType": "String",
                    "Description": "ID for Service URL",
                    "Properties": {}
                },
                {
                    "ParameterName": "ServiceID",
                    "DataType": "String",
                    "Description": "Service ID",
                    "Properties": {}
                }
            ],
            "OutputParameters": [],
            "ResultStates": [
                {
                    "Name": "AUTHORIZED",
                    "Category": "Success",
                    "Description": "Authorized"
                },
                {
                    "Name": "INVALID",
                    "Category": "Failure",
                    "Description": "Invalid Service"
                },
                {
                    "Name": "UNAUTHORIZERD",
                    "Category": "Failure",
                    "Description": "Unauthorized"
                }
            ]
        },
        {
            "ApplicationServiceID": "HGA_VALIDATE_TAKE",
            "IDForServiceURL": "absence.ValidateAbsenceName",
            "Description": "Validate Absence Name",
            "CacheSupportLevel": "",
            "IsTokenMandatory": true,
            "IsMultiRowInput": false,
            "IsMultiRowOutput": false,
            "InputParameters": [
                {
                    "ParameterName": "AbsenceNameIn",
                    "DataType": "String",
                    "Description": "Absence Take Description",
                    "Properties": {}
                },
                {
                    "ParameterName": "AsOfDate",
                    "DataType": "Date",
                    "Description": "As Of Date",
                    "Properties": {}
                },
                {
                    "ParameterName": "EmplID",
                    "DataType": "String",
                    "Description": "Employee ID",
                    "Properties": {}
                },
                {
                    "ParameterName": "EmplRcd",
                    "DataType": "Number",
                    "Description": "Employee Rcd",
                    "Properties": {}
                }
            ],
            "OutputParameters": [
                {
                    "ParameterName": "AbsenceName",
                    "DataType": "String",
                    "Description": "Absence Name",
                    "Properties": {}
                },
                {
                    "ParameterName": "AllowPartialDays",
                    "DataType": "String",
                    "Description": "Allow Partial Days Flag",
                    "Properties": {}
                },
                {
                    "ParameterName": "FcstReqired",
                    "DataType": "String",
                    "Description": "Forecast Required Flag",
                    "Properties": {}
                },
                {
                    "ParameterName": "PartialDaysOptn",
                    "DataType": "String",
                    "Description": "Partial Days Optn",
                    "Properties": {}
                },
                {
                    "ParameterName": "PinTakeNum",
                    "DataType": "Number",
                    "Description": "Absence Take Pin",
                    "Properties": {}
                }
            ],
            "ResultStates": [
                {
                    "Name": "Fail",
                    "Category": "Failure",
                    "Description": "Fail"
                },
                {
                    "Name": "InValid",
                    "Category": "Success",
                    "Description": "In Valid"
                },
                {
                    "Name": "Valid",
                    "Category": "Success",
                    "Description": "Single Valid Take"
                },
                {
                    "Name": "ValidMulti",
                    "Category": "Success",
                    "Description": "Multiple Valid Takes"
                }
            ]
        },
        {
            "ApplicationServiceID": "HGA_VALIDATE_FCSTDT",
            "IDForServiceURL": "absence.ValidateFcstDate",
            "Description": "Validate forecast date",
            "CacheSupportLevel": "",
            "IsTokenMandatory": true,
            "IsMultiRowInput": false,
            "IsMultiRowOutput": false,
            "InputParameters": [
                {
                    "ParameterName": "EmplID",
                    "DataType": "String",
                    "Description": "Employee ID",
                    "Properties": {}
                },
                {
                    "ParameterName": "EmplRcd",
                    "DataType": "Number",
                    "Description": "Employee Rcd",
                    "Properties": {}
                },
                {
                    "ParameterName": "FcstDate",
                    "DataType": "Date",
                    "Description": "Forecast Date",
                    "Properties": {}
                }
            ],
            "OutputParameters": [
                {
                    "ParameterName": "FinalizedPrdEndDt",
                    "DataType": "Date",
                    "Description": "Last Finalized Prd End Date",
                    "Properties": {}
                }
            ],
            "ResultStates": [
                {
                    "Name": "PriorPrd",
                    "Category": "Success",
                    "Description": "Prior Period"
                },
                {
                    "Name": "ValidPrd",
                    "Category": "Success",
                    "Description": "Valid Period"
                }
            ]
        },
        {
            "ApplicationServiceID": "HGA_REQ_REASONS",
            "IDForServiceURL": "absence.GetAbsenceReasons",
            "Description": "Absence Reasons",
            "CacheSupportLevel": "",
            "IsTokenMandatory": true,
            "IsMultiRowInput": false,
            "IsMultiRowOutput": true,
            "InputParameters": [
                {
                    "ParameterName": "AsOfDate",
                    "DataType": "Date",
                    "Description": "As Of Date",
                    "Properties": {}
                },
                {
                    "ParameterName": "EmplID",
                    "DataType": "String",
                    "Description": "Employee ID",
                    "Properties": {}
                },
                {
                    "ParameterName": "EmplRcd",
                    "DataType": "Number",
                    "Description": "Employee Rcd",
                    "Properties": {}
                },
                {
                    "ParameterName": "PinTakeNum",
                    "DataType": "Number",
                    "Description": "Pin Take Number",
                    "Properties": {}
                }
            ],
            "OutputParameters": [
                {
                    "ParameterName": "AbsenceReason",
                    "DataType": "String",
                    "Description": "Absence Reason",
                    "Properties": {}
                },
                {
                    "ParameterName": "Description",
                    "DataType": "String",
                    "Description": "Reason Description",
                    "Properties": {}
                }
            ],
            "ResultStates": [
                {
                    "Name": "NoReasons",
                    "Category": "Success",
                    "Description": "No Reasons"
                },
                {
                    "Name": "Pass",
                    "Category": "Success",
                    "Description": "Pass"
                },
                {
                    "Name": "ReasonNotRequired",
                    "Category": "Success",
                    "Description": "Reason not Required"
                }
            ]
        },
        {
            "ApplicationServiceID": "HGA_REQUEST_ABS",
            "IDForServiceURL": "absence.CreateAbsenceRequest",
            "Description": "Create Absence Request",
            "CacheSupportLevel": "",
            "IsTokenMandatory": true,
            "IsMultiRowInput": false,
            "IsMultiRowOutput": false,
            "InputParameters": [
                {
                    "ParameterName": "AbsenceReason",
                    "DataType": "String",
                    "Description": "Absence Reason",
                    "Properties": {}
                },
                {
                    "ParameterName": "CharUF1",
                    "DataType": "String",
                    "Description": "Char User Field1",
                    "Properties": {}
                },
                {
                    "ParameterName": "CharUF2",
                    "DataType": "String",
                    "Description": "Char User Field2",
                    "Properties": {}
                },
                {
                    "ParameterName": "CharUF3",
                    "DataType": "String",
                    "Description": "Char User Field3",
                    "Properties": {}
                },
                {
                    "ParameterName": "CharUF4",
                    "DataType": "String",
                    "Description": "Char User Field4",
                    "Properties": {}
                },
                {
                    "ParameterName": "Comments",
                    "DataType": "String",
                    "Description": "Comments",
                    "Properties": {}
                },
                {
                    "ParameterName": "DurationAbs",
                    "DataType": "Number",
                    "Description": "Duration",
                    "Properties": {}
                },
                {
                    "ParameterName": "DurationDays",
                    "DataType": "Number",
                    "Description": "Duration Days",
                    "Properties": {}
                },
                {
                    "ParameterName": "DurationHrs",
                    "DataType": "Number",
                    "Description": "Duration Hours",
                    "Properties": {}
                },
                {
                    "ParameterName": "EmplID",
                    "DataType": "String",
                    "Description": "Employee ID",
                    "Properties": {}
                },
                {
                    "ParameterName": "EmplRcd",
                    "DataType": "Number",
                    "Description": "Employee Rcd",
                    "Properties": {}
                },
                {
                    "ParameterName": "EndDt",
                    "DataType": "Date",
                    "Description": "End Date",
                    "Properties": {}
                },
                {
                    "ParameterName": "NumUF1",
                    "DataType": "Number",
                    "Description": "Number User Field1",
                    "Properties": {}
                },
                {
                    "ParameterName": "NumUF2",
                    "DataType": "Number",
                    "Description": "Number User Field2",
                    "Properties": {}
                },
                {
                    "ParameterName": "NumUF3",
                    "DataType": "Number",
                    "Description": "Number User Field3",
                    "Properties": {}
                },
                {
                    "ParameterName": "NumUF4",
                    "DataType": "Number",
                    "Description": "Number User Field4",
                    "Properties": {}
                },
                {
                    "ParameterName": "PinTakeNum",
                    "DataType": "Number",
                    "Description": "Pin Take Number",
                    "Properties": {}
                },
                {
                    "ParameterName": "SeqNumUF1",
                    "DataType": "Number",
                    "Description": "Seq Num for User Field1",
                    "Properties": {}
                },
                {
                    "ParameterName": "SeqNumUF2",
                    "DataType": "Number",
                    "Description": "Seq Num for User Field2",
                    "Properties": {}
                },
                {
                    "ParameterName": "SeqNumUF3",
                    "DataType": "Number",
                    "Description": "Seq Num for User Field3",
                    "Properties": {}
                },
                {
                    "ParameterName": "SeqNumUF4",
                    "DataType": "Number",
                    "Description": "Seq Num for User Field4",
                    "Properties": {}
                },
                {
                    "ParameterName": "StartDt",
                    "DataType": "Date",
                    "Description": "Begin Date",
                    "Properties": {}
                }
            ],
            "OutputParameters": [
                {
                    "ParameterName": "MsgOut",
                    "DataType": "String",
                    "Description": "Message Out",
                    "Properties": {}
                }
            ],
            "ResultStates": [
                {
                    "Name": "Approved",
                    "Category": "Success",
                    "Description": "Approved"
                },
                {
                    "Name": "Fail",
                    "Category": "Failure",
                    "Description": "Failed"
                },
                {
                    "Name": "Submitted",
                    "Category": "Success",
                    "Description": "Submitted"
                }
            ]
        },
        {
            "ApplicationServiceID": "HGA_GET_USERPROFILE",
            "IDForServiceURL": "absence.GetUserProfile",
            "Description": "User Profile Details",
            "CacheSupportLevel": "",
            "IsTokenMandatory": true,
            "IsMultiRowInput": false,
            "IsMultiRowOutput": false,
            "InputParameters": [],
            "OutputParameters": [
                {
                    "ParameterName": "EmailID",
                    "DataType": "String",
                    "Description": "Email ID",
                    "Properties": {}
                },
                {
                    "ParameterName": "EmplID",
                    "DataType": "String",
                    "Description": "Employee ID",
                    "Properties": {}
                },
                {
                    "ParameterName": "MsgOut",
                    "DataType": "String",
                    "Description": "Error Message",
                    "Properties": {}
                },
                {
                    "ParameterName": "Name",
                    "DataType": "String",
                    "Description": "Profile Name",
                    "Properties": {}
                }
            ],
            "ResultStates": [
                {
                    "Name": "Fail",
                    "Category": "Failure",
                    "Description": "Failed"
                },
                {
                    "Name": "Success",
                    "Category": "Success",
                    "Description": "Success"
                }
            ]
        },
        {
            "ApplicationServiceID": "HGA_GET_USERFIELDS",
            "IDForServiceURL": "absence.GetUserFields",
            "Description": "Absence User Fields",
            "CacheSupportLevel": "",
            "IsTokenMandatory": true,
            "IsMultiRowInput": false,
            "IsMultiRowOutput": true,
            "InputParameters": [
                {
                    "ParameterName": "EmplID",
                    "DataType": "String",
                    "Description": "Employee ID",
                    "Properties": {}
                },
                {
                    "ParameterName": "EmplRcd",
                    "DataType": "Number",
                    "Description": "Employee Rcd",
                    "Properties": {}
                },
                {
                    "ParameterName": "EndDt",
                    "DataType": "Date",
                    "Description": "End Date",
                    "Properties": {}
                },
                {
                    "ParameterName": "PinTakeNum",
                    "DataType": "Number",
                    "Description": "Pin Take Number",
                    "Properties": {}
                },
                {
                    "ParameterName": "StartDt",
                    "DataType": "Date",
                    "Description": "Begin Date",
                    "Properties": {}
                }
            ],
            "OutputParameters": [
                {
                    "ParameterName": "Label",
                    "DataType": "String",
                    "Description": "User Field Label",
                    "Properties": {}
                },
                {
                    "ParameterName": "MsgOut",
                    "DataType": "String",
                    "Description": "Message Out",
                    "Properties": {}
                },
                {
                    "ParameterName": "Required",
                    "DataType": "String",
                    "Description": "Required Flag",
                    "Properties": {}
                },
                {
                    "ParameterName": "SeqNum",
                    "DataType": "String",
                    "Description": "Sequence No",
                    "Properties": {}
                },
                {
                    "ParameterName": "Type",
                    "DataType": "String",
                    "Description": "Field Type",
                    "Properties": {}
                }
            ],
            "ResultStates": [
                {
                    "Name": "Fail",
                    "Category": "Failure",
                    "Description": "Failed"
                },
                {
                    "Name": "NoUF",
                    "Category": "Success",
                    "Description": "No User Fields"
                },
                {
                    "Name": "UFExists",
                    "Category": "Success",
                    "Description": "User Fields Exists"
                }
            ]
        },
        {
            "ApplicationServiceID": "HGA_GET_REQ_URL",
            "IDForServiceURL": "absence.GetAbsRequestUrl",
            "Description": "Get Absence Request Page URL",
            "CacheSupportLevel": "",
            "IsTokenMandatory": true,
            "IsMultiRowInput": false,
            "IsMultiRowOutput": false,
            "InputParameters": [
                {
                    "ParameterName": "EmplID",
                    "DataType": "String",
                    "Description": "Employee ID",
                    "Properties": {}
                },
                {
                    "ParameterName": "EmplRcd",
                    "DataType": "Number",
                    "Description": "Employee Rcd",
                    "Properties": {}
                },
                {
                    "ParameterName": "EndDt",
                    "DataType": "Date",
                    "Description": "End Date",
                    "Properties": {}
                },
                {
                    "ParameterName": "Market",
                    "DataType": "String",
                    "Description": "Market",
                    "Properties": {}
                },
                {
                    "ParameterName": "Node",
                    "DataType": "String",
                    "Description": "Node Name",
                    "Properties": {}
                },
                {
                    "ParameterName": "PinTakeNum",
                    "DataType": "Number",
                    "Description": "Pin Take Number",
                    "Properties": {}
                },
                {
                    "ParameterName": "Portal",
                    "DataType": "String",
                    "Description": "Portal Name",
                    "Properties": {}
                },
                {
                    "ParameterName": "StartDt",
                    "DataType": "Date",
                    "Description": "Start Date",
                    "Properties": {}
                }
            ],
            "OutputParameters": [
                {
                    "ParameterName": "MsgOut",
                    "DataType": "String",
                    "Description": "Message Out",
                    "Properties": {}
                },
                {
                    "ParameterName": "Url",
                    "DataType": "String",
                    "Description": "Request Page URL",
                    "Properties": {}
                }
            ],
            "ResultStates": [
                {
                    "Name": "Fail",
                    "Category": "Failure",
                    "Description": "Failure"
                },
                {
                    "Name": "Success",
                    "Category": "Success",
                    "Description": "Success"
                }
            ]
        },
        {
            "ApplicationServiceID": "HGA_GET_CANCELRSN",
            "IDForServiceURL": "absence.GetCancelReason",
            "Description": "Absence Cancel Reasons",
            "CacheSupportLevel": "",
            "IsTokenMandatory": true,
            "IsMultiRowInput": false,
            "IsMultiRowOutput": true,
            "InputParameters": [
                {
                    "ParameterName": "AsOfDate",
                    "DataType": "String",
                    "Description": "As Of Date",
                    "Properties": {}
                },
                {
                    "ParameterName": "Country",
                    "DataType": "String",
                    "Description": "Country",
                    "Properties": {}
                },
                {
                    "ParameterName": "EmplID",
                    "DataType": "String",
                    "Description": "Employee ID",
                    "Properties": {}
                },
                {
                    "ParameterName": "EmplRcd",
                    "DataType": "String",
                    "Description": "Employee Rcd",
                    "Properties": {}
                },
                {
                    "ParameterName": "PinTakeNum",
                    "DataType": "Number",
                    "Description": "Pin number of the take",
                    "Properties": {}
                }
            ],
            "OutputParameters": [
                {
                    "ParameterName": "Reason",
                    "DataType": "String",
                    "Description": "Reason Code",
                    "Properties": {}
                },
                {
                    "ParameterName": "ReasonDescr",
                    "DataType": "String",
                    "Description": "Reason Description",
                    "Properties": {}
                }
            ],
            "ResultStates": [
                {
                    "Name": "Fail",
                    "Category": "Failure",
                    "Description": "Fail"
                },
                {
                    "Name": "NoCnclRsn",
                    "Category": "Success",
                    "Description": "No Cancel Reason"
                },
                {
                    "Name": "Pass",
                    "Category": "Success",
                    "Description": "Pass"
                }
            ]
        },
        {
            "ApplicationServiceID": "HGA_GETTAKE_PROMPT",
            "IDForServiceURL": "absence.GetEmpAbsTakesPrompt",
            "Description": "Absence Takes Prompt",
            "CacheSupportLevel": "",
            "IsTokenMandatory": true,
            "IsMultiRowInput": false,
            "IsMultiRowOutput": true,
            "InputParameters": [
                {
                    "ParameterName": "AbsenceNameIn",
                    "DataType": "String",
                    "Description": "Absence Name Input",
                    "Properties": {}
                },
                {
                    "ParameterName": "AsOfDate",
                    "DataType": "Date",
                    "Description": "As of Date",
                    "Properties": {}
                },
                {
                    "ParameterName": "EmplID",
                    "DataType": "String",
                    "Description": "Employee ID",
                    "Properties": {}
                },
                {
                    "ParameterName": "EmplRcd",
                    "DataType": "Number",
                    "Description": "Employee Rcd",
                    "Properties": {}
                },
                {
                    "ParameterName": "TransType",
                    "DataType": "String",
                    "Description": "Transaction Type",
                    "Properties": {}
                }
            ],
            "OutputParameters": [
                {
                    "ParameterName": "AbsenceName",
                    "DataType": "String",
                    "Description": "Absence Name",
                    "Properties": {}
                },
                {
                    "ParameterName": "AllowPartialDays",
                    "DataType": "String",
                    "Description": "Allow Partial Days Flag",
                    "Properties": {}
                },
                {
                    "ParameterName": "FcstReqired",
                    "DataType": "String",
                    "Description": "Forecasting Required Flag",
                    "Properties": {}
                },
                {
                    "ParameterName": "PartialDaysOptn",
                    "DataType": "String",
                    "Description": "Partial Days Optn",
                    "Properties": {}
                },
                {
                    "ParameterName": "PinTakeNum",
                    "DataType": "Number",
                    "Description": "Absence Take Num",
                    "Properties": {}
                }
            ],
            "ResultStates": [
                {
                    "Name": "Fail",
                    "Category": "Failure",
                    "Description": "Fail"
                },
                {
                    "Name": "NoTakes",
                    "Category": "Success",
                    "Description": "No Absence Takes"
                },
                {
                    "Name": "Pass",
                    "Category": "Success",
                    "Description": "Pass"
                }
            ]
        },
        {
            "ApplicationServiceID": "HGA_FCST_BALANCE",
            "IDForServiceURL": "absence.ForecastBalance",
            "Description": "Forecast Absence Balance",
            "CacheSupportLevel": "",
            "IsTokenMandatory": true,
            "IsMultiRowInput": false,
            "IsMultiRowOutput": true,
            "InputParameters": [
                {
                    "ParameterName": "EmplID",
                    "DataType": "String",
                    "Description": "Employee ID",
                    "Properties": {}
                },
                {
                    "ParameterName": "EmplRcd",
                    "DataType": "Number",
                    "Description": "Employee Rcd",
                    "Properties": {}
                },
                {
                    "ParameterName": "FcstDate",
                    "DataType": "Date",
                    "Description": "Forecast Date",
                    "Properties": {}
                },
                {
                    "ParameterName": "PinTakeNum",
                    "DataType": "Number",
                    "Description": "Pin Take Number",
                    "Properties": {}
                }
            ],
            "OutputParameters": [
                {
                    "ParameterName": "AsOfDate",
                    "DataType": "String",
                    "Description": "As of date string",
                    "Properties": {}
                },
                {
                    "ParameterName": "Balance",
                    "DataType": "Number",
                    "Description": "Balance Value",
                    "Properties": {}
                },
                {
                    "ParameterName": "BalanceString",
                    "DataType": "String",
                    "Description": "Balance String",
                    "Properties": {}
                },
                {
                    "ParameterName": "EntBalName",
                    "DataType": "String",
                    "Description": "Balance Name",
                    "Properties": {}
                },
                {
                    "ParameterName": "EntBalNbrOut",
                    "DataType": "Number",
                    "Description": "Balance Pin",
                    "Properties": {}
                },
                {
                    "ParameterName": "MsgOut",
                    "DataType": "String",
                    "Description": "Forecast Message",
                    "Properties": {}
                },
                {
                    "ParameterName": "UnitType",
                    "DataType": "String",
                    "Description": "Unit Type",
                    "Properties": {}
                }
            ],
            "ResultStates": [
                {
                    "Name": "AsOfDtErr",
                    "Category": "Success",
                    "Description": "Balance As of Date Error"
                },
                {
                    "Name": "DefaultErr",
                    "Category": "Success",
                    "Description": "Default Error contact Admin"
                },
                {
                    "Name": "Fail",
                    "Category": "Failure",
                    "Description": "Failed"
                },
                {
                    "Name": "FcstSuccess",
                    "Category": "Success",
                    "Description": "Forecast Successfull"
                },
                {
                    "Name": "Pass",
                    "Category": "Success",
                    "Description": "Pass"
                },
                {
                    "Name": "PriorPrdErr",
                    "Category": "Success",
                    "Description": "Forecast date prior to last finalized period"
                }
            ]
        },
        {
            "ApplicationServiceID": "HGA_EMP_REQUESTS",
            "IDForServiceURL": "absence.GetEmpAbsenceRequests",
            "Description": "Employee Absence Requests",
            "CacheSupportLevel": "",
            "IsTokenMandatory": true,
            "IsMultiRowInput": false,
            "IsMultiRowOutput": true,
            "InputParameters": [
                {
                    "ParameterName": "AbsenceNameIn",
                    "DataType": "String",
                    "Description": "Absence Take Description",
                    "Properties": {}
                },
                {
                    "ParameterName": "EmplID",
                    "DataType": "String",
                    "Description": "Employee ID",
                    "Properties": {}
                },
                {
                    "ParameterName": "EmplRcd",
                    "DataType": "Number",
                    "Description": "Employee Record Number",
                    "Properties": {}
                },
                {
                    "ParameterName": "FromDate",
                    "DataType": "String",
                    "Description": "Original Begin Date",
                    "Properties": {}
                },
                {
                    "ParameterName": "ToDate",
                    "DataType": "String",
                    "Description": "Original End Date",
                    "Properties": {}
                },
                {
                    "ParameterName": "WFStatusIn",
                    "DataType": "String",
                    "Description": "Workflow Absence Status",
                    "Properties": {}
                }
            ],
            "OutputParameters": [
                {
                    "ParameterName": "AbsenceName",
                    "DataType": "String",
                    "Description": "Absence Take Name",
                    "Properties": {}
                },
                {
                    "ParameterName": "AbsenceReason",
                    "DataType": "String",
                    "Description": "Absence Reason",
                    "Properties": {}
                },
                {
                    "ParameterName": "CancelOption",
                    "DataType": "String",
                    "Description": "Cancel Option",
                    "Properties": {}
                },
                {
                    "ParameterName": "Comments",
                    "DataType": "String",
                    "Description": "Comments",
                    "Properties": {}
                },
                {
                    "ParameterName": "Country",
                    "DataType": "String",
                    "Description": "Country",
                    "Properties": {}
                },
                {
                    "ParameterName": "PinTakeNum",
                    "DataType": "Number",
                    "Description": "Pin Take Number",
                    "Properties": {}
                },
                {
                    "ParameterName": "Quantity",
                    "DataType": "String",
                    "Description": "Duration of Absence",
                    "Properties": {}
                },
                {
                    "ParameterName": "RequestDate",
                    "DataType": "String",
                    "Description": "Request Orig Date",
                    "Properties": {}
                },
                {
                    "ParameterName": "RequestEndDate",
                    "DataType": "String",
                    "Description": "Request End Date",
                    "Properties": {}
                },
                {
                    "ParameterName": "Requestor",
                    "DataType": "String",
                    "Description": "Requestor of Absence",
                    "Properties": {}
                },
                {
                    "ParameterName": "StatusCode",
                    "DataType": "String",
                    "Description": "Absence Status Value",
                    "Properties": {}
                },
                {
                    "ParameterName": "TransactionNbr",
                    "DataType": "Number",
                    "Description": "Transaction Number",
                    "Properties": {}
                },
                {
                    "ParameterName": "WFStatus",
                    "DataType": "String",
                    "Description": "Absence Status",
                    "Properties": {}
                }
            ],
            "ResultStates": [
                {
                    "Name": "Fail",
                    "Category": "Failure",
                    "Description": "Fail"
                },
                {
                    "Name": "NoRequests",
                    "Category": "Success",
                    "Description": "No Absence Requests"
                },
                {
                    "Name": "Pass",
                    "Category": "Success",
                    "Description": "Pass"
                }
            ]
        },
        {
            "ApplicationServiceID": "HGA_EMP_JOBS",
            "IDForServiceURL": "absence.GetEmployeeJobs",
            "Description": "Employee Jobs",
            "CacheSupportLevel": "",
            "IsTokenMandatory": true,
            "IsMultiRowInput": false,
            "IsMultiRowOutput": true,
            "InputParameters": [
                {
                    "ParameterName": "EmplID",
                    "DataType": "String",
                    "Description": "Employee ID",
                    "Properties": {}
                }
            ],
            "OutputParameters": [
                {
                    "ParameterName": "EmplRcd",
                    "DataType": "Number",
                    "Description": "Empl_Rcd",
                    "Properties": {}
                },
                {
                    "ParameterName": "JobTitle",
                    "DataType": "String",
                    "Description": "Job Title",
                    "Properties": {}
                }
            ],
            "ResultStates": [
                {
                    "Name": "Fail",
                    "Category": "Failure",
                    "Description": "Fail"
                },
                {
                    "Name": "MultiJobs",
                    "Category": "Success",
                    "Description": "Multiple Jobs"
                },
                {
                    "Name": "NoJobs",
                    "Category": "Success",
                    "Description": "No Jobs Available"
                },
                {
                    "Name": "Pass",
                    "Category": "Success",
                    "Description": "Pass"
                },
                {
                    "Name": "SingleJob",
                    "Category": "Success",
                    "Description": "Single Job"
                }
            ]
        },
        {
            "ApplicationServiceID": "HGA_EMP_CNCL_REQUESTS",
            "IDForServiceURL": "absence.GetCnclAbsenceRequests",
            "Description": "Absence Requests for Cancelation",
            "CacheSupportLevel": "",
            "IsTokenMandatory": true,
            "IsMultiRowInput": false,
            "IsMultiRowOutput": true,
            "InputParameters": [
                {
                    "ParameterName": "AbsenceNameIn",
                    "DataType": "String",
                    "Description": "Absence Take Description",
                    "Properties": {}
                },
                {
                    "ParameterName": "EmplID",
                    "DataType": "String",
                    "Description": "Employee ID",
                    "Properties": {}
                },
                {
                    "ParameterName": "EmplRcd",
                    "DataType": "Number",
                    "Description": "Employee Record Number",
                    "Properties": {}
                },
                {
                    "ParameterName": "FromDate",
                    "DataType": "String",
                    "Description": "Original Begin Date",
                    "Properties": {}
                },
                {
                    "ParameterName": "ToDate",
                    "DataType": "String",
                    "Description": "Original End Date",
                    "Properties": {}
                },
                {
                    "ParameterName": "WFStatusIn",
                    "DataType": "String",
                    "Description": "Input Absence Status",
                    "Properties": {}
                }
            ],
            "OutputParameters": [
                {
                    "ParameterName": "AbsenceName",
                    "DataType": "String",
                    "Description": "Absence Take Name",
                    "Properties": {}
                },
                {
                    "ParameterName": "AbsenceReason",
                    "DataType": "String",
                    "Description": "Absence Reason",
                    "Properties": {}
                },
                {
                    "ParameterName": "CancelOption",
                    "DataType": "String",
                    "Description": "Cancel Option",
                    "Properties": {}
                },
                {
                    "ParameterName": "Comments",
                    "DataType": "String",
                    "Description": "Comments",
                    "Properties": {}
                },
                {
                    "ParameterName": "Country",
                    "DataType": "String",
                    "Description": "Country",
                    "Properties": {}
                },
                {
                    "ParameterName": "PinTakeNum",
                    "DataType": "Number",
                    "Description": "Pin Take Number",
                    "Properties": {}
                },
                {
                    "ParameterName": "Quantity",
                    "DataType": "String",
                    "Description": "Duration of Absence",
                    "Properties": {}
                },
                {
                    "ParameterName": "RequestDate",
                    "DataType": "String",
                    "Description": "Request Orig Date",
                    "Properties": {}
                },
                {
                    "ParameterName": "RequestEndDate",
                    "DataType": "String",
                    "Description": "Request End Date",
                    "Properties": {}
                },
                {
                    "ParameterName": "Requestor",
                    "DataType": "String",
                    "Description": "Requestor of Absence",
                    "Properties": {}
                },
                {
                    "ParameterName": "StatusCode",
                    "DataType": "String",
                    "Description": "Absence Status Value",
                    "Properties": {}
                },
                {
                    "ParameterName": "TransactionNbr",
                    "DataType": "Number",
                    "Description": "Transaction Number",
                    "Properties": {}
                },
                {
                    "ParameterName": "WFStatus",
                    "DataType": "String",
                    "Description": "Absence Status",
                    "Properties": {}
                }
            ],
            "ResultStates": [
                {
                    "Name": "Fail",
                    "Category": "Failure",
                    "Description": "Fail"
                },
                {
                    "Name": "NoRequests",
                    "Category": "Success",
                    "Description": "No Absence Requests"
                },
                {
                    "Name": "Pass",
                    "Category": "Success",
                    "Description": "Pass"
                }
            ]
        },
        {
            "ApplicationServiceID": "HGA_EMP_BALANCES",
            "IDForServiceURL": "absence.GetEmpAbsenceBalances",
            "Description": "Employee Absence Balances",
            "CacheSupportLevel": "",
            "IsTokenMandatory": true,
            "IsMultiRowInput": false,
            "IsMultiRowOutput": true,
            "InputParameters": [
                {
                    "ParameterName": "AbsenceNameIn",
                    "DataType": "String",
                    "Description": "Absence Name",
                    "Properties": {}
                },
                {
                    "ParameterName": "EmplID",
                    "DataType": "String",
                    "Description": "Employee ID",
                    "Properties": {}
                },
                {
                    "ParameterName": "EmplRcd",
                    "DataType": "Number",
                    "Description": "Employee Rcd",
                    "Properties": {}
                },
                {
                    "ParameterName": "PinTakeNum",
                    "DataType": "Number",
                    "Description": "Absence Take Pin",
                    "Properties": {}
                }
            ],
            "OutputParameters": [
                {
                    "ParameterName": "AsOfDate",
                    "DataType": "String",
                    "Description": "Balance As Of Date",
                    "Properties": {}
                },
                {
                    "ParameterName": "Balance",
                    "DataType": "Number",
                    "Description": "Balance Value",
                    "Properties": {}
                },
                {
                    "ParameterName": "BalanceString",
                    "DataType": "String",
                    "Description": "Balance String Value",
                    "Properties": {}
                },
                {
                    "ParameterName": "EntBalName",
                    "DataType": "String",
                    "Description": "Entitlement Balance Name",
                    "Properties": {}
                },
                {
                    "ParameterName": "EntBalNbrOut",
                    "DataType": "Number",
                    "Description": "Entitlement Balance Nbr",
                    "Properties": {}
                },
                {
                    "ParameterName": "MsgOut",
                    "DataType": "String",
                    "Description": "Out Message",
                    "Properties": {}
                },
                {
                    "ParameterName": "UnitType",
                    "DataType": "String",
                    "Description": "Balance Unit Type",
                    "Properties": {}
                }
            ],
            "ResultStates": [
                {
                    "Name": "Fail",
                    "Category": "Failure",
                    "Description": "Fail"
                },
                {
                    "Name": "NoBalance",
                    "Category": "Success",
                    "Description": "No Balance"
                },
                {
                    "Name": "Pass",
                    "Category": "Success",
                    "Description": "Pass"
                }
            ]
        },
        {
            "ApplicationServiceID": "HGA_CHECK_ELIGIBILITY",
            "IDForServiceURL": "absence.CheckEligibility",
            "Description": "Check Eligibility",
            "CacheSupportLevel": "",
            "IsTokenMandatory": true,
            "IsMultiRowInput": false,
            "IsMultiRowOutput": false,
            "InputParameters": [
                {
                    "ParameterName": "EmplID",
                    "DataType": "String",
                    "Description": "Employee ID",
                    "Properties": {}
                },
                {
                    "ParameterName": "EmplRcd",
                    "DataType": "Number",
                    "Description": "Employee Rcd",
                    "Properties": {}
                },
                {
                    "ParameterName": "EndDt",
                    "DataType": "Date",
                    "Description": "End Date",
                    "Properties": {}
                },
                {
                    "ParameterName": "PinTakeNum",
                    "DataType": "Number",
                    "Description": "Pin Take Number",
                    "Properties": {}
                },
                {
                    "ParameterName": "StartDt",
                    "DataType": "Date",
                    "Description": "Begin Date",
                    "Properties": {}
                }
            ],
            "OutputParameters": [
                {
                    "ParameterName": "FcstValue",
                    "DataType": "String",
                    "Description": "Forecast Result",
                    "Properties": {}
                },
                {
                    "ParameterName": "MsgOut",
                    "DataType": "String",
                    "Description": "Message Out",
                    "Properties": {}
                }
            ],
            "ResultStates": [
                {
                    "Name": "Error",
                    "Category": "Failure",
                    "Description": "Forecast Error"
                },
                {
                    "Name": "Fail",
                    "Category": "Failure",
                    "Description": "Process Failed"
                },
                {
                    "Name": "Success",
                    "Category": "Success",
                    "Description": "Completed Successfully"
                },
                {
                    "Name": "Warning",
                    "Category": "Success",
                    "Description": "Forecast Warning"
                }
            ]
        },
        {
            "ApplicationServiceID": "HGA_CANCEL_ABSENCE",
            "IDForServiceURL": "absence.CancelAbsence",
            "Description": "Cancel Absence Request",
            "CacheSupportLevel": "",
            "IsTokenMandatory": true,
            "IsMultiRowInput": false,
            "IsMultiRowOutput": false,
            "InputParameters": [
                {
                    "ParameterName": "Cancel_Reason",
                    "DataType": "String",
                    "Description": "Cancel Reason",
                    "Properties": {}
                },
                {
                    "ParameterName": "Comments",
                    "DataType": "String",
                    "Description": "Comments",
                    "Properties": {}
                },
                {
                    "ParameterName": "Transaction_Nbr",
                    "DataType": "Number",
                    "Description": "Transaction Nbr",
                    "Properties": {}
                }
            ],
            "OutputParameters": [
                {
                    "ParameterName": "MsgOut",
                    "DataType": "String",
                    "Description": "Out Message",
                    "Properties": {}
                }
            ],
            "ResultStates": [
                {
                    "Name": "AbsNotFound",
                    "Category": "Success",
                    "Description": "Absence Not Found"
                },
                {
                    "Name": "CancelInProcess",
                    "Category": "Success",
                    "Description": "Cancel In Progress"
                },
                {
                    "Name": "Canceled",
                    "Category": "Success",
                    "Description": "Canceled"
                },
                {
                    "Name": "Fail",
                    "Category": "Failure",
                    "Description": "Failed"
                },
                {
                    "Name": "Pass",
                    "Category": "Success",
                    "Description": "Passed"
                },
                {
                    "Name": "SubCancel",
                    "Category": "Success",
                    "Description": "Submitted for Cancel"
                }
            ]
        },
        {
            "ApplicationServiceID": "HGA_CALC_ABS_DURATION",
            "IDForServiceURL": "absence.CalcAbsDuration",
            "Description": "Calculate Absence Duration",
            "CacheSupportLevel": "",
            "IsTokenMandatory": true,
            "IsMultiRowInput": false,
            "IsMultiRowOutput": false,
            "InputParameters": [
                {
                    "ParameterName": "EmplID",
                    "DataType": "String",
                    "Description": "Employee ID",
                    "Properties": {}
                },
                {
                    "ParameterName": "EmplRcd",
                    "DataType": "Number",
                    "Description": "Employee Rcd",
                    "Properties": {}
                },
                {
                    "ParameterName": "EndDt",
                    "DataType": "Date",
                    "Description": "End Date",
                    "Properties": {}
                },
                {
                    "ParameterName": "PinTakeNum",
                    "DataType": "Number",
                    "Description": "Pin Take Number",
                    "Properties": {}
                },
                {
                    "ParameterName": "StartDt",
                    "DataType": "Date",
                    "Description": "Begin Date",
                    "Properties": {}
                }
            ],
            "OutputParameters": [
                {
                    "ParameterName": "DurationAbs",
                    "DataType": "Number",
                    "Description": "Absence Duration",
                    "Properties": {}
                },
                {
                    "ParameterName": "DurationDays",
                    "DataType": "Number",
                    "Description": "Duration Days",
                    "Properties": {}
                },
                {
                    "ParameterName": "DurationHrs",
                    "DataType": "Number",
                    "Description": "Duration Hours",
                    "Properties": {}
                },
                {
                    "ParameterName": "MsgOut",
                    "DataType": "String",
                    "Description": "Message Out",
                    "Properties": {}
                },
                {
                    "ParameterName": "UnitType",
                    "DataType": "String",
                    "Description": "Unit Type",
                    "Properties": {}
                }
            ],
            "ResultStates": [
                {
                    "Name": "EndDtErr",
                    "Category": "Failure",
                    "Description": "End Date Error"
                },
                {
                    "Name": "Error",
                    "Category": "Failure",
                    "Description": "Duration Calculation Error"
                },
                {
                    "Name": "Fail",
                    "Category": "Failure",
                    "Description": "Failed"
                },
                {
                    "Name": "StartDtErr",
                    "Category": "Failure",
                    "Description": "Start Date Error"
                },
                {
                    "Name": "Success",
                    "Category": "Success",
                    "Description": "Calculation Sucessfull"
                },
                {
                    "Name": "Warning",
                    "Category": "Success",
                    "Description": "Warning"
                }
            ]
        }
    ]
}